trend,link
gamingforall,https://www.tiktok.com/tag/gamingforall?lang=es
futbol,https://www.tiktok.com/tag/futbol?lang=es
gamerweekend,https://www.tiktok.com/tag/gamerweekend?lang=es
Butakera - La Joaqui & Alan Gomez & EL NOBA,https://www.tiktok.com/music/Butakera-7145171223088319237?lang=es
Sunroof - Nicky Youre & dazy,https://www.tiktok.com/music/Sunroof-7030869625311086594?lang=es
Ginal - Short ver - Nightcore Nation,https://www.tiktok.com/music/Ginal-Short-ver-7143613343843994373?lang=es
fashionmonth,https://www.tiktok.com/tag/fashionmonth?lang=es
emprendimiento,https://www.tiktok.com/tag/emprendimiento?lang=es
Eres para MÃ­ - Julieta Venegas,https://www.tiktok.com/music/Eres-para-M%C3%AD-7131928791970040582?lang=es
Mi Papaito - Los Sepultureros,https://www.tiktok.com/music/Mi-Papaito-7057963605152779054?lang=es
