trend,link,top
Shakira - Acr√≥stico (Official Video),https://www.youtube.com/watch?v=PWmJhh_qTSY,1
Karol G: Tiny Desk Concert,https://www.youtube.com/watch?v=D8UWsFMVj_Q,2
PEOPLE LA TRINI ME HIZO UN SIN EDITAR D√çA DE LA MAM√Å!! üòÇüòÇüòÇ,https://www.youtube.com/watch?v=m-KvMYcAsnU,3
(Ïó¨Ïûê)ÏïÑÏù¥Îì§((G)I-DLE) - 'ÌÄ∏Ïπ¥ (Queencard)' Official Music Video,https://www.youtube.com/watch?v=7HDeem-JaSY,4
Builder Base 2.0 Is Here! Clash of Clans Official,https://www.youtube.com/watch?v=96TCZDtzfOM,5
EL ANIMATRONICO QUE CAMBIA TODA LA CRONOLOGIA DE FIVE NIGHTS AT FREDDY¬¥S,https://www.youtube.com/watch?v=2SBaeqdPz6U,6
Superando mi MAYOR miedo,https://www.youtube.com/watch?v=vOGvHB_Nw7c,7
El secreto para tener cientos de limones en casa y en maceta ya no necesitas comprar limones,https://www.youtube.com/watch?v=7qG9KXhiq5w,8
TRES ESTRELLAS en los DESAF√çOS VENTAJOSOS de la ALDEA NOCTURNA 2.0 ‚≠ê Actualizaci√≥n de Clash of Clans,https://www.youtube.com/watch?v=AGoAalRRgRM,9
Hice Trampas en Batalla de Construcci√≥n de Coach Pickles!,https://www.youtube.com/watch?v=xAd8TLrjIDs,10
JUGAMOS al FOOTBALL TIC TAC TOE ¬øQui√©n lo Resolver√°?,https://www.youtube.com/watch?v=y7ECmyQ4OSc,11
TOM CROWLEY VS EL MENOR I PLAY OFF I #FMSCHILE 2022 I URBAN ROOSTERS,https://www.youtube.com/watch?v=ZaS0Oyqg2Ns,12
CAPTUR√â UN EVIL BANBAN,https://www.youtube.com/watch?v=VySveudBgvA,13
REDFALL y los juegos AAA DESASTROSOS,https://www.youtube.com/watch?v=UKCuDFG3cSo,14
Mama - Neutro Shorty x Chucky73 (Video Oficial),https://www.youtube.com/watch?v=ymE0a6LyN4A,15
"Stray Kids Ôºú‚òÖ‚òÖ‚òÖ‚òÖ‚òÖ (5-STAR)Ôºû UNVEIL : TRACK 3 ""Ï£ΩÏñ¥Î≥¥Ïûê (GET LIT)""",https://www.youtube.com/watch?v=Ce4OElNzXbo,16
LAS 24 HORAS MAS RARAS DE MI VIDA! üò± ISLA sin Autos üòÖ RETO EXTREMO en Trawangan üî• Sandra Cires Art,https://www.youtube.com/watch?v=mUNRkATJzXI,17
NUESTRA NUEVA CASA! üò± HOUSE TOUR,https://www.youtube.com/watch?v=nKzrmV8rH4I,18
Garten of Banban es una Pesadilla en Spore,https://www.youtube.com/watch?v=9COocVOJvaA,19
Final Highlights Tapia/Coello Vs Gal√°n/Lebr√≥n Estrella Damm Vigo Open 2023,https://www.youtube.com/watch?v=pi0YEKGgEB8,20
Shakira - Acr√≥stico (Solo Version - Official Lyric Video),https://www.youtube.com/watch?v=ToQ5jVj1Ppo,21
ViruZz y su impresionante KO contra DK Money: ¬°Qu√© absoluta locura de gancho!,https://www.youtube.com/watch?v=Bf4rp6_RKUA,22
#LaJunta | Entrevista a AK4:20 & MARCIANEKE ‚ÄúEL RETORNO DE LA AMISTAD‚Äú,https://www.youtube.com/watch?v=8IE6n6naJuY,23
@ITHANNY ft @JereKlein - MILLONARIOS JUNTOS | Prod. Mateo on the Beatz,https://www.youtube.com/watch?v=P2TDkf4V_JU,24
Jukilop controla mi vida por un d√≠a (Sal√≠ a la calle en t4ng4) üî• Cecia loaiza,https://www.youtube.com/watch?v=yLZr7uM0gSk,25
100 BOTONES MISTERIOSOS Y UNO TE HACE CAER !!!,https://www.youtube.com/watch?v=eYu4Pzdj4hY,26
ME ENCUENTRO CON CHARLY SINEWAN EN COLOMBIAüòÇüôå | BOGOTAüá®üá¥,https://www.youtube.com/watch?v=4IZyQgYSlNk,27
La evoluci√≥n de Super Mario (ANIMADA),https://www.youtube.com/watch?v=4XQfGKc6GGU,28
PELEANDO TODO EL D√çA FRENTE A TODOS ü§Ø Jukilop | Kimberly Loaiza,https://www.youtube.com/watch?v=ZwtBTpy7JLA,29
PINT√â LA PARED DE FEDE VIGEVANI EN SU NUEVA CASA üè†,https://www.youtube.com/watch?v=x_lHfP_SfuU,30
Level Up With Builder Hall 10! Clash of Clans New Update,https://www.youtube.com/watch?v=udt9VsIpSv8,31
"Kidd Voodoo, Young Cister - Fashion Girl (Remix) (Video Oficial)",https://www.youtube.com/watch?v=_fzoBILLZGY,32
NACIMIENTO DE CESAR ARTUROüë∂üèª El mejor d√≠a de nuestras vidas ü•∞| Carol Castro ‚ù§Ô∏è,https://www.youtube.com/watch?v=yqeIMz2v8WY,33
BABYMONSTER - 'DREAM' (PRE-DEBUT SONG),https://www.youtube.com/watch?v=ynOtYmpZxak,34
"Eladio Carri√≥n - Quiz√°s, Tal Vez (Live Session) | Vevo ctrl",https://www.youtube.com/watch?v=_7N_vPHvcno,35
CONSTRU√ç UNA BASE SECRETA y Mi Amigo No lo Sabe üòÇ üèùÔ∏è VICNIX ISLA DESIERTA #4,https://www.youtube.com/watch?v=WdLgqP5wj-g,36
"Yailin La Mas Viral, Shadow Blow - Solo T√∫ y Yo (Video Oficial)",https://www.youtube.com/watch?v=q49UW_RSr3c,37
SHAKIRA vuelve a IMPACTAR con ACR√ìSTICO | VOCAL COACH reaction & analysis,https://www.youtube.com/watch?v=NCD3TQlFw_Y,38
"Si, Si Eres Tu",https://www.youtube.com/watch?v=SnRczXoSgsc,39
Underdog - Antes de La Velada Del A√±o 3,https://www.youtube.com/watch?v=SB29Ps5DUJs,40
Don Omar x Cosculluela - Bandidos [Official Gaming Video],https://www.youtube.com/watch?v=n6-lcXyH9zA,41
¬°APLASTANTE GOLEADA PARISINA CON SABOR A T√çTULO EN EL REGRESO DE MESSI! | PSG 5-0 Ajaccio | RESUMEN,https://www.youtube.com/watch?v=zuvI06ORKrI,42
ESTO ES LO QUE COMPRAMOS EN ALIEXPRESS,https://www.youtube.com/watch?v=SEH6g1-5hDo,43
Esto pasara en Garten Of Banban 4...,https://www.youtube.com/watch?v=603irMfjEZU,44
Prob√© Los PEORES JUEGOS de CELULAR 3 ü§Æ,https://www.youtube.com/watch?v=bJZi_o8JESY,45
"Sebasti√°n Yatra, Manuel Turizo, Be√©le - VAGABUNDO (Official Video)",https://www.youtube.com/watch?v=0J1hIERZ1yA,46
üò≥ 24 HORAS SIN FILTROS: UN D√çA REAL EN LA VIDA DE LULU99‚ùó,https://www.youtube.com/watch?v=r0rjwsn4AHc,47
Eladio Carri√≥n - Cuevita (Live Session) | Vevo ctrl,https://www.youtube.com/watch?v=Hiy-ipcS_U8,48
Mi experiencia con los BACKROOMS en MINECRAFT,https://www.youtube.com/watch?v=e6AVxp_2lQU,49
Daft Punk - Infinity Repeating (2013 Demo) (feat. Julian Casablancas+The Voidz),https://www.youtube.com/watch?v=imBlPXbAv6E,50
"Anuel AA, Dj Luian, Mambo Kingz - Mejor Que Yo (Video Oficial)",https://www.youtube.com/watch?v=VmRUE1A_Idw,51
"Jairo Vera, Juanka - Madrid (Video Oficial)",https://www.youtube.com/watch?v=mdDnOT4_IzE,52
"FLOTAO REMIX - Sayian Jimmy, Endo, Yishark, Pablo, Jairo, Nicko, Jamby, Punto40, Balbi, Marcianeke",https://www.youtube.com/watch?v=YA4LIb-IImE,53
PEOPLE LA TRINI ME HIZO UN SIN EDITAR D√çA DE LA MAM√Å!! üòÇüòÇüòÇ,https://www.youtube.com/watch?v=m-KvMYcAsnU,54
"Kidd Voodoo, Young Cister - Fashion Girl (Remix) (Video Oficial)",https://www.youtube.com/watch?v=_fzoBILLZGY,55
"Yailin La Mas Viral, Shadow Blow - Solo T√∫ y Yo (Video Oficial)",https://www.youtube.com/watch?v=q49UW_RSr3c,56
Chencho Corleone - Un Cigarrillo (Official Video),https://www.youtube.com/watch?v=NKJXmhI7prc,57
Tego Calder√≥n - La Receta (Official Video),https://www.youtube.com/watch?v=LGRxyz2W2Og,58
TOM CROWLEY VS EL MENOR I PLAY OFF I #FMSCHILE 2022 I URBAN ROOSTERS,https://www.youtube.com/watch?v=ZaS0Oyqg2Ns,59
Yahritza Y Su Esencia & Grupo Frontera - Fr√°gil (Official Lyric Video),https://www.youtube.com/watch?v=MtPgcgcZZEc,60
Prueba de obediencia para KIMA & JUANITO üò≥ Jukilop | Kimberly Loaiza,https://www.youtube.com/watch?v=O1tSvHLJWWc,61
Como tener el MEJOR CAMPAMENTO DEL MUNDO!,https://www.youtube.com/watch?v=Ymaw69ie33o,62
Karol G: Tiny Desk Concert,https://www.youtube.com/watch?v=D8UWsFMVj_Q,63
Bellakita - El Jordan 23 [Prod By BigCvyu] (Official Video),https://www.youtube.com/watch?v=jU9mhERk9jc,64
Don Omar x Cosculluela - Bandidos [Official Gaming Video],https://www.youtube.com/watch?v=n6-lcXyH9zA,65
MADRID,https://www.youtube.com/watch?v=UV0v2OvzPy8,66
¬°IMPOSIBLE SALIR de la GUARDERIA ABANDONADA! üò±üß∏üíÄ SILVIOGAMER en GARTEN of BANBAN 3 üåà,https://www.youtube.com/watch?v=3BrrJ6ljfkI,67
CONDUZCO MI TESLA MODEL S PLAID POR PRIMERA VEZ - TheGrefg,https://www.youtube.com/watch?v=DbQeba4DLD8,68
(Ïó¨Ïûê)ÏïÑÏù¥Îì§((G)I-DLE) - 'ÌÄ∏Ïπ¥ (Queencard)' Official Music Video,https://www.youtube.com/watch?v=7HDeem-JaSY,69
"Sebasti√°n Yatra, Manuel Turizo, Be√©le - VAGABUNDO (Official Video)",https://www.youtube.com/watch?v=0J1hIERZ1yA,70
PINT√â LA PARED DE FEDE VIGEVANI EN SU NUEVA CASA üè†,https://www.youtube.com/watch?v=x_lHfP_SfuU,71
NACIMIENTO DE CESAR ARTUROüë∂üèª El mejor d√≠a de nuestras vidas ü•∞| Carol Castro ‚ù§Ô∏è,https://www.youtube.com/watch?v=yqeIMz2v8WY,72
Mi experiencia con los BACKROOMS en MINECRAFT,https://www.youtube.com/watch?v=e6AVxp_2lQU,73
La ley de Baltazar / Mejores Momentos / Cap√≠tulo Final,https://www.youtube.com/watch?v=_MLsHJGL31c,74
PELEANDO TODO EL D√çA FRENTE A TODOS ü§Ø Jukilop | Kimberly Loaiza,https://www.youtube.com/watch?v=ZwtBTpy7JLA,75
Myke Towers & J Balvin - Celos (Video Oficial),https://www.youtube.com/watch?v=ga24VfMGnCY,76
PIMPINELA | LLORO,https://www.youtube.com/watch?v=VPEe1IJSe6w,77
(Ïó¨Ïûê)ÏïÑÏù¥Îì§((G)I-DLE) - 'Allergy' Official Music Video,https://www.youtube.com/watch?v=XZaBkbvteBc,78
NUESTRA NUEVA CASA! üò± HOUSE TOUR,https://www.youtube.com/watch?v=nKzrmV8rH4I,79
Katteyes - jukiada (Official Music Video),https://www.youtube.com/watch?v=TSZuMdm-E3k,80
"Eladio Carri√≥n - Quiz√°s, Tal Vez (Live Session) | Vevo ctrl",https://www.youtube.com/watch?v=_7N_vPHvcno,81
Am√©rico & Paola Jara - Cu√©ntaselo (Video Oficial),https://www.youtube.com/watch?v=AyBciG0LzOI,82
Grupo Z√∫mbale Primo & Alanys Lagos - Basta Ya (Video Oficial),https://www.youtube.com/watch?v=x9MeRTE-hro,83
Superando mi MAYOR miedo,https://www.youtube.com/watch?v=vOGvHB_Nw7c,84
ViruZz y su impresionante KO contra DK Money: ¬°Qu√© absoluta locura de gancho!,https://www.youtube.com/watch?v=Bf4rp6_RKUA,85
EL ANIMATRONICO QUE CAMBIA TODA LA CRONOLOGIA DE FIVE NIGHTS AT FREDDY¬¥S,https://www.youtube.com/watch?v=2SBaeqdPz6U,86
EL √öLTIMO de LA √âLITE en FALLAR UN PENALTI GANA 1000‚Ç¨,https://www.youtube.com/watch?v=IysXTdNWOOk,87
COLOREA O MUERE MOMENTOS DIVERTIDOS (ROBLOX),https://www.youtube.com/watch?v=d0he6bgroKI,88
I Went Alone to the most Paranormal Island in the World,https://www.youtube.com/watch?v=ZwXeOAcFp8c,89
MAIYE EST√Å EMBARAZADA ü§∞üèªüò≥// FAMILIA RECOCHA,https://www.youtube.com/watch?v=K80eCTpadWQ,90
The confusing issue of money in Argentina | IS A DOLLAR WORTH GOLD? üíµüá¶üá∑,https://www.youtube.com/watch?v=kiC1rPh1C3U,91
Daft Punk - Infinity Repeating (2013 Demo) (feat. Julian Casablancas+The Voidz),https://www.youtube.com/watch?v=imBlPXbAv6E,92
PENALTIS DE LA VERDAD ‚öΩüî• con LA √âLITE,https://www.youtube.com/watch?v=lzNkbq-JvTM,93
Jukilop controla mi vida por un d√≠a (Sal√≠ a la calle en t4ng4) üî• Cecia loaiza,https://www.youtube.com/watch?v=yLZr7uM0gSk,94
¬°CUIDADO con el TREN en GTA 5! üöÜüòÇ Los COMPAS,https://www.youtube.com/watch?v=Cesk55LEF0o,95
100 BOTONES MISTERIOSOS Y UNO TE HACE CAER !!!,https://www.youtube.com/watch?v=eYu4Pzdj4hY,96
